city_id,pref_id,name,kana
011002,010006,札幌市,サッポロシ
012025,010007,函館市,ハコダテシ
012033,010008,小樽市,オタルシ
012041,010009,旭川市,アサヒカワシ
012050,010010,室蘭市,ムロランシ
012068,010011,釧路市,クシロシ
012076,010012,帯広市,オビヒロシ
012084,010013,北見市,キタミシ
012092,010014,夕張市,ユウバリシ
012106,010015,岩見沢市,イワミザワシ
012114,010016,網走市,アバシリシ
012122,010017,留萌市,ルモイシ
012131,010018,苫小牧市,トマコマイシ
012149,010019,稚内市,ワッカナイシ
012157,010020,美唄市,ビバイシ
012165,010021,芦別市,アシベツシ
012173,010022,江別市,エベツシ
012181,010023,赤平市,アカビラシ
012190,010024,紋別市,モンベツシ
012203,010025,士別市,シベツシ
012211,010026,名寄市,ナヨロシ
012220,010027,三笠市,ミカサシ
012238,010028,根室市,ネムロシ
012246,010029,千歳市,チトセシ
012254,010030,滝川市,タキカワシ
012262,010031,砂川市,スナガワシ
012271,010032,歌志内市,ウタシナイシ
012289,010033,深川市,フカガワシ
012297,010034,富良野市,フラノシ
012301,010035,登別市,ノボリベツシ
012319,010036,恵庭市,エニワシ
012335,010037,伊達市,ダテシ
012343,010038,北広島市,キタヒロシマシ
012351,010039,石狩市,イシカリシ
012360,010040,北斗市,ホクトシ
013030,010041,当別町,トウベツチョウ
013048,010042,新篠津村,シンシノツムラ
013315,010043,松前町,マツマエチョウ
013323,010044,福島町,フクシマチョウ
013331,010045,知内町,シリウチチョウ
013340,010046,木古内町,キコナイチョウ
013374,010047,七飯町,ナナエチョウ
013439,010048,鹿部町,シカベチョウ
013455,010049,森町,モリマチ
013463,010050,八雲町,ヤクモチョウ
013471,010051,長万部町,オシャマンベチョウ
013617,010052,江差町,エサシチョウ
013625,010053,上ノ国町,カミノクニチョウ
013633,010054,厚沢部町,アッサブチョウ
013641,010055,乙部町,オトベチョウ
013676,010056,奥尻町,オクシリチョウ
013706,010057,今金町,イマカネチョウ
013714,010058,せたな町,セタナチョウ
013919,010059,島牧村,シママキムラ
013927,010060,寿都町,スッツチョウ
013935,010061,黒松内町,クロマツナイチョウ
013943,010062,蘭越町,ランコシチョウ
013951,010063,ニセコ町,ニセコチョウ
013960,010064,真狩村,マッカリムラ
013978,010065,留寿都村,ルスツムラ
013986,010066,喜茂別町,キモベツチョウ
013994,010067,京極町,キョウゴクチョウ
014001,010068,倶知安町,クッチャンチョウ
014010,010069,共和町,キョウワチョウ
014028,010070,岩内町,イワナイチョウ
014036,010071,泊村,トマリムラ
014044,010072,神恵内村,カモエナイムラ
014052,010073,積丹町,シャコタンチョウ
014061,010074,古平町,フルビラチョウ
014079,010075,仁木町,ニキチョウ
014087,010076,余市町,ヨイチチョウ
014095,010077,赤井川村,アカイガワムラ
014231,010078,南幌町,ナンポロチョウ
014249,010079,奈井江町,ナイエチョウ
014257,010080,上砂川町,カミスナガワチョウ
014273,010081,由仁町,ユニチョウ
014281,010082,長沼町,ナガヌマチョウ
014290,010083,栗山町,クリヤマチョウ
014303,010084,月形町,ツキガタチョウ
014311,010085,浦臼町,ウラウスチョウ
014320,010086,新十津川町,シントツカワチョウ
014338,010087,妹背牛町,モセウシチョウ
014346,010088,秩父別町,チップベツチョウ
014362,010089,雨竜町,ウリュウチョウ
014371,010090,北竜町,ホクリュウチョウ
014389,010091,沼田町,ヌマタチョウ
014524,010092,鷹栖町,タカスチョウ
014532,010093,東神楽町,ヒガシカグラチョウ
014541,010094,当麻町,トウマチョウ
014559,010095,比布町,ピップチョウ
014567,010096,愛別町,アイベツチョウ
014575,010097,上川町,カミカワチョウ
014583,010098,東川町,ヒガシカワチョウ
014591,010099,美瑛町,ビエイチョウ
014605,010100,上富良野町,カミフラノチョウ
014613,010101,中富良野町,ナカフラノチョウ
014621,010102,南富良野町,ミナミフラノチョウ
014630,010103,占冠村,シムカップムラ
014648,010104,和寒町,ワッサムチョウ
014656,010105,剣淵町,ケンブチチョウ
014681,010106,下川町,シモカワチョウ
014699,010107,美深町,ビフカチョウ
014702,010108,音威子府村,オトイネップムラ
014711,010109,中川町,ナカガワチョウ
014729,010110,幌加内町,ホロカナイチョウ
014818,010111,増毛町,マシケチョウ
014826,010112,小平町,オビラチョウ
014834,010113,苫前町,トママエチョウ
014842,010114,羽幌町,ハボロチョウ
014851,010115,初山別村,ショサンベツムラ
014869,010116,遠別町,エンベツチョウ
014877,010117,天塩町,テシオチョウ
015113,010118,猿払村,サルフツムラ
015121,010119,浜頓別町,ハマトンベツチョウ
015130,010120,中頓別町,ナカトンベツチョウ
015148,010121,枝幸町,エサシチョウ
015164,010122,豊富町,トヨトミチョウ
015172,010123,礼文町,レブンチョウ
015181,010124,利尻町,リシリチョウ
015199,010125,利尻富士町,リシリフジチョウ
015202,010126,幌延町,ホロノベチョウ
015431,010127,美幌町,ビホロチョウ
015440,010128,津別町,ツベツチョウ
015458,010129,斜里町,シャリチョウ
015466,010130,清里町,キヨサトチョウ
015474,010131,小清水町,コシミズチョウ
015491,010132,訓子府町,クンネップチョウ
015504,010133,置戸町,オケトチョウ
015521,010134,佐呂間町,サロマチョウ
015555,010135,遠軽町,エンガルチョウ
015598,010136,湧別町,ユウベツチョウ
015601,010137,滝上町,タキノウエチョウ
015610,010138,興部町,オコッペチョウ
015628,010139,西興部村,ニシオコッペムラ
015636,010140,雄武町,オウムチョウ
015644,010141,大空町,オオゾラチョウ
015717,010142,豊浦町,トヨウラチョウ
015750,010143,壮瞥町,ソウベツチョウ
015784,010144,白老町,シラオイチョウ
015814,010145,厚真町,アツマチョウ
015849,010146,洞爺湖町,トウヤコチョウ
015857,010147,安平町,アビラチョウ
015865,010148,むかわ町,ムカワチョウ
016012,010149,日高町,ヒダカチョウ
016021,010150,平取町,ビラトリチョウ
016047,010151,新冠町,ニイカップチョウ
016071,010152,浦河町,ウラカワチョウ
016080,010153,様似町,サマニチョウ
016098,010154,えりも町,エリモチョウ
016101,010155,新ひだか町,シンヒダカチョウ
016314,010156,音更町,オトフケチョウ
016322,010157,士幌町,シホロチョウ
016331,010158,上士幌町,カミシホロチョウ
016349,010159,鹿追町,シカオイチョウ
016357,010160,新得町,シントクチョウ
016365,010161,清水町,シミズチョウ
016373,010162,芽室町,メムロチョウ
016381,010163,中札内村,ナカサツナイムラ
016390,010164,更別村,サラベツムラ
016411,010165,大樹町,タイキチョウ
016420,010166,広尾町,ヒロオチョウ
016438,010167,幕別町,マクベツチョウ
016446,010168,池田町,イケダチョウ
016454,010169,豊頃町,トヨコロチョウ
016462,010170,本別町,ホンベツチョウ
016471,010171,足寄町,アショロチョウ
016489,010172,陸別町,リクベツチョウ
016497,010173,浦幌町,ウラホロチョウ
016616,010174,釧路町,クシロチョウ
016624,010175,厚岸町,アッケシチョウ
016632,010176,浜中町,ハマナカチョウ
016641,010177,標茶町,シベチャチョウ
016659,010178,弟子屈町,テシカガチョウ
016675,010179,鶴居村,ツルイムラ
016683,010180,白糠町,シラヌカチョウ
016918,010181,別海町,ベツカイチョウ
016926,010182,中標津町,ナカシベツチョウ
016934,010183,標津町,シベツチョウ
016942,010184,羅臼町,ラウスチョウ
024121,020001,おいらせ町,オイラセチョウ
022098,020001,つがる市,ツガルシ
022080,020001,むつ市,ムツシ
024066,020001,横浜町,ヨコハママチ
024465,020001,階上町,ハシカミチョウ
023078,020001,外ヶ浜町,ソトガハママチ
024422,020001,五戸町,ゴノヘマチ
022055,020001,五所川原市,ゴショガワラシ
022021,020001,弘前市,ヒロサキシ
022047,020001,黒石市,クロイシシ
023035,020001,今別町,イマベツマチ
024261,020001,佐井村,サイムラ
024414,020001,三戸町,サンノヘマチ
022071,020001,三沢市,ミサワシ
024023,020001,七戸町,シチノヘマチ
022063,020001,十和田市,トワダシ
024503,020001,新郷村,シンゴウムラ
023230,020001,深浦町,フカウラマチ
023434,020001,西目屋村,ニシメヤムラ
022012,020001,青森市,アオモリシ
024236,020001,大間町,オオママチ
023621,020001,大鰐町,オオワニマチ
023876,020001,中泊町,ナカドマリマチ
023841,020001,鶴田町,ツルタマチ
024431,020001,田子町,タッコマチ
023671,020001,田舎館村,イナカダテムラ
024244,020001,東通村,ヒガシドオリムラ
024082,020001,東北町,トウホクマチ
023612,020001,藤崎町,フジサキマチ
024457,020001,南部町,ナンブチョウ
022039,020001,八戸市,ハチノヘシ
023817,020001,板柳町,イタヤナギマチ
024252,020001,風間浦村,カザマウラムラ
022101,020001,平川市,ヒラカワシ
023019,020001,平内町,ヒラナイマチ
023043,020001,蓬田村,ヨモギタムラ
024015,020001,野辺地町,ノヘジマチ
024112,020001,六ヶ所村,ロッカショムラ
024058,020001,六戸町,ロクノヘマチ
023213,020001,鰺ヶ沢町,アジガサワマチ
032093,030007,一関市,イチノセキシ
035246,030007,一戸町,イチノヘマチ
032085,030007,遠野市,トオノシ
032158,030007,奥州市,オウシュウシ
032051,030007,花巻市,ハナマキシ
033022,030007,葛巻町,クズマキマチ
032115,030007,釜石市,カマイシシ
033031,030007,岩手町,イワテマチ
034835,030007,岩泉町,イワイズミチョウ
032077,030007,久慈市,クジシ
032026,030007,宮古市,ミヤコシ
033812,030007,金ケ崎町,カネガサキチョウ
035068,030007,九戸村,クノヘムラ
035017,030007,軽米町,カルマイマチ
034827,030007,山田町,ヤマダマチ
033219,030007,紫波町,シワチョウ
033014,030007,雫石町,シズクイシチョウ
034410,030007,住田町,スミタチョウ
032018,030007,盛岡市,モリオカシ
033669,030007,西和賀町,ニシワガマチ
032034,030007,大船渡市,オオフナトシ
034614,030007,大槌町,オオツチチョウ
032166,030007,滝沢市,タキザワシ
034843,030007,田野畑村,タノハタムラ
032131,030007,二戸市,ニノヘシ
032140,030007,八幡平市,ハチマンタイシ
034851,030007,普代村,フダイムラ
034029,030007,平泉町,ヒライズミチョウ
032069,030007,北上市,キタカミシ
035033,030007,野田村,ノダムラ
033227,030007,矢巾町,ヤハバチョウ
035076,030007,洋野町,ヒロノチョウ
032107,030007,陸前高田市,リクゼンタカタシ
042030,040002,塩竈市,シオガマシ
044458,040002,加美町,カミマチ
042081,040002,角田市,カクダシ
043419,040002,丸森町,マルモリマチ
042111,040002,岩沼市,イワヌマシ
042056,040002,気仙沼市,ケセンヌマシ
042137,040002,栗原市,クリハラシ
043621,040002,山元町,ヤマモトチョウ
043028,040002,七ヶ宿町,シチカシュクマチ
044041,040002,七ヶ浜町,シチガハママチ
043231,040002,柴田町,シバタマチ
045811,040002,女川町,オナガワチョウ
044016,040002,松島町,マツシママチ
044440,040002,色麻町,シカマチョウ
042021,040002,石巻市,イシノマキシ
041009,040002,仙台市,センダイシ
043249,040002,川崎町,カワサキマチ
043010,040002,蔵王町,ザオウマチ
043222,040002,村田町,ムラタマチ
042099,040002,多賀城市,タガジョウシ
043214,040002,大河原町,オオガワラマチ
044229,040002,大郷町,オオサトチョウ
044245,040002,大衡村,オオヒラムラ
042153,040002,大崎市,オオサキシ
044211,040002,大和町,タイワチョウ
042129,040002,登米市,トメシ
042145,040002,東松島市,ヒガシマツシマシ
046060,040002,南三陸町,ミナミサンリクチョウ
042064,040002,白石市,シロイシシ
045055,040002,美里町,ミサトマチ
042161,040002,富谷市,トミヤシ
042072,040002,名取市,ナトリシ
045012,040002,涌谷町,ワクヤチョウ
044067,040002,利府町,リフチョウ
043613,040002,亘理町,ワタリチョウ
052141,046060,にかほ市,ニカホシ
053660,046060,井川町,イカワマチ
054631,046060,羽後町,ウゴマチ
052035,046060,横手市,ヨコテシ
052116,046060,潟上市,カタガミシ
053619,046060,五城目町,ゴジョウメマチ
053481,046060,三種町,ミタネチョウ
052094,046060,鹿角市,カヅノシ
052019,046060,秋田市,アキタシ
053031,046060,小坂町,コサカマチ
053279,046060,上小阿仁村,カミコアニムラ
052159,046060,仙北市,センボクシ
053686,046060,大潟村,オオガタムラ
052043,046060,大館市,オオダテシ
052124,046060,大仙市,ダイセンシ
052060,046060,男鹿市,オガシ
054640,046060,東成瀬村,ヒガシナルセムラ
052078,046060,湯沢市,ユザワシ
053465,046060,藤里町,フジサトマチ
052027,046060,能代市,ノシロシ
053490,046060,八峰町,ハッポウチョウ
053635,046060,八郎潟町,ハチロウガタマチ
054348,046060,美郷町,ミサトチョウ
052132,046060,北秋田市,キタアキタシ
052108,046060,由利本荘市,ユリホンジョウシ
063215,060003,河北町,カホクチョウ
062065,060003,寒河江市,サガエシ
063614,060003,金山町,カネヤママチ
063673,060003,戸沢村,トザワムラ
063819,060003,高畠町,タカハタマチ
063622,060003,最上町,モガミマチ
063665,060003,鮭川村,サケガワムラ
064262,060003,三川町,ミカワマチ
062014,060003,山形市,ヤマガタシ
063011,060003,山辺町,ヤマノベマチ
062049,060003,酒田市,サカタシ
063631,060003,舟形町,フナガタマチ
064017,060003,小国町,オグニマチ
064289,060003,庄内町,シヨウナイマチ
062073,060003,上山市,カミノヤマシ
062057,060003,新庄市,シンジョウシ
063649,060003,真室川町,マムロガワマチ
063223,060003,西川町,ニシカワマチ
063827,060003,川西町,カワニシマチ
062081,060003,村山市,ムラヤマシ
063240,060003,大江町,オオエマチ
063410,060003,大石田町,オオイシダマチ
063657,060003,大蔵村,オオクラムラ
063029,060003,中山町,ナカヤママチ
063231,060003,朝日町,アサヒマチ
062090,060003,長井市,ナガイシ
062031,060003,鶴岡市,ツルオカシ
062103,060003,天童市,テンドウシ
062111,060003,東根市,ヒガシネシ
062138,060003,南陽市,ナンヨウシ
064025,060003,白鷹町,シラタカマチ
064033,060003,飯豊町,イイデマチ
062120,060003,尾花沢市,オバナザワシ
062022,060003,米沢市,ヨネザワシ
064611,060003,遊佐町,ユザマチ
072044,070009,いわき市,イワキシ
072133,070009,伊達市,ダテシ
073628,070009,下郷町,シモゴウマチ
074217,070009,会津坂下町,アイヅバンゲマチ
072028,070009,会津若松市,アイヅワカマツシ
074471,070009,会津美里町,アイヅミサトマチ
075485,070009,葛尾村,カツラオムラ
072087,070009,喜多方市,キタカタシ
073423,070009,鏡石町,カガミイシマチ
075027,070009,玉川村,タマカワムラ
074454,070009,金山町,カネヤママチ
073016,070009,桑折町,コオリマチ
072036,070009,郡山市,コオリヤマシ
075051,070009,古殿町,フルドノマチ
075418,070009,広野町,ヒロノマチ
073032,070009,国見町,クニミマチ
074845,070009,鮫川村,サメガワムラ
075213,070009,三春町,ミハルマチ
074446,070009,三島町,ミシママチ
075221,070009,小野町,オノマチ
074462,070009,昭和村,ショウワムラ
075612,070009,新地町,シンチマチ
072079,070009,須賀川市,スカガワシ
074055,070009,西会津町,ニシアイヅマチ
074616,070009,西郷村,ニシゴウムラ
075019,070009,石川町,イシカワマチ
075442,070009,川内村,カワウチムラ
073083,070009,川俣町,カワマタマチ
074641,070009,泉崎村,イズミザキムラ
075043,070009,浅川町,アサカワマチ
075469,070009,双葉町,フタバマチ
072095,070009,相馬市,ソウマシ
073229,070009,大玉村,オオタマムラ
075451,070009,大熊町,オオクママチ
073679,070009,只見町,タダミマチ
074811,070009,棚倉町,タナグラマチ
074659,070009,中島村,ナカジマムラ
074080,070009,猪苗代町,イナワシロマチ
073440,070009,天栄村,テンエイムラ
072117,070009,田村市,タムラシ
074225,070009,湯川村,ユガワムラ
075426,070009,楢葉町,ナラハマチ
073687,070009,南会津町,ミナミアイヅマチ
072125,070009,南相馬市,ミナミソウマシ
072109,070009,二本松市,ニホンマツシ
072052,070009,白河市,シラカワシ
074837,070009,塙町,ハナワマチ
075647,070009,飯舘村,イイタテムラ
074071,070009,磐梯町,バンダイマチ
075434,070009,富岡町,トミオカマチ
072010,070009,福島市,フクシマシ
075035,070009,平田村,ヒラタムラ
074021,070009,北塩原村,キタシオバラムラ
072141,070009,本宮市,モトミヤシ
074829,070009,矢祭町,ヤマツリマチ
074667,070009,矢吹町,ヤブキマチ
074233,070009,柳津町,ヤナイヅマチ
075477,070009,浪江町,ナミエマチ
073644,070009,檜枝岐村,ヒノエマタムラ
082309,080004,かすみがうら市,カスミガウラシ
082350,080004,つくばみらい市,ツクバミライシ
082201,080004,つくば市,ツクバシ
082210,080004,ひたちなか市,ヒタチナカシ
084433,080004,阿見町,アミマチ
082295,080004,稲敷市,イナシキシ
083020,080004,茨城町,イバラキマチ
082104,080004,下妻市,シモツマシ
084476,080004,河内町,カワチマチ
082163,080004,笠間市,カサマシ
082198,080004,牛久市,ウシクシ
085464,080004,境町,サカイマチ
082074,080004,結城市,ユウキシ
082040,080004,古河市,コガシ
085421,080004,五霞町,ゴカマチ
082333,080004,行方市,ナメガタシ
082147,080004,高萩市,タカハギシ
082287,080004,坂東市,バンドウシ
082317,080004,桜川市,サクラガワシ
082228,080004,鹿嶋市,カシマシ
082171,080004,取手市,トリデシ
082244,080004,守谷市,モリヤシ
082368,080004,小美玉市,オミタマシ
083101,080004,城里町,シロサトマチ
082112,080004,常総市,ジョウソウシ
082121,080004,常陸太田市,ヒタチオオタシ
082252,080004,常陸大宮市,ヒタチオオミヤシ
082325,080004,神栖市,カミスシ
082015,080004,水戸市,ミトシ
082058,080004,石岡市,イシオカシ
083640,080004,大子町,ダイゴマチ
083097,080004,大洗町,オオアライマチ
082279,080004,筑西市,チクセイシ
082236,080004,潮来市,イタコシ
082031,080004,土浦市,ツチウラシ
083411,080004,東海村,トウカイムラ
082261,080004,那珂市,ナカシ
082023,080004,日立市,ヒタチシ
085219,080004,八千代町,ヤチヨマチ
084425,080004,美浦村,ミホムラ
082341,080004,鉾田市,ホコタシ
082155,080004,北茨城市,キタイバラキシ
085642,080004,利根町,トネマチ
082082,080004,龍ケ崎市,リュウガサキシ
092142,090000,さくら市,サクラシ
092011,090000,宇都宮市,ウツノミヤシ
093424,090000,益子町,マシコマチ
093840,090000,塩谷町,シオヤマチ
092169,090000,下野市,シモツケシ
093866,090000,高根沢町,タカネザワマチ
092045,090000,佐野市,サノシ
093441,090000,市貝町,イチカイマチ
092053,090000,鹿沼市,カヌマシ
092088,090000,小山市,オヤマシ
093017,090000,上三川町,カミノカワマチ
092096,090000,真岡市,モオカシ
093611,090000,壬生町,ミブマチ
092029,090000,足利市,アシカガシ
092100,090000,大田原市,オオタワラシ
092037,090000,栃木市,トチギシ
094111,090000,那珂川町,ナカガワマチ
092151,090000,那須烏山市,ナスカラスヤマシ
092134,090000,那須塩原市,ナスシオバラシ
094072,090000,那須町,ナスマチ
092061,090000,日光市,ニッコウシ
093459,090000,芳賀町,ハガマチ
093432,090000,茂木町,モテギマチ
093645,090000,野木町,ノギマチ
092118,090000,矢板市,ヤイタシ
102121,100005,みどり市,ミドリシ
104493,100005,みなかみ町,ミナカミマチ
102113,100005,安中市,アンナカシ
102041,100005,伊勢崎市,イセサキシ
103829,100005,下仁田町,シモニタマチ
103845,100005,甘楽町,カンラマチ
102075,100005,館林市,タテバヤシシ
103454,100005,吉岡町,ヨシオカマチ
104647,100005,玉村町,タマムラマチ
102032,100005,桐生市,キリュウシ
102024,100005,高崎市,タカサキシ
104281,100005,高山村,タカヤマムラ
102083,100005,渋川市,シブカワシ
104485,100005,昭和村,ショウワムラ
102067,100005,沼田市,ヌマタシ
103667,100005,上野村,ウエノムラ
103446,100005,榛東村,シントウムラ
103675,100005,神流町,カンナマチ
105236,100005,千代田町,チヨダマチ
104442,100005,川場村,カワバムラ
102016,100005,前橋市,マエバシシ
104264,100005,草津町,クサツマチ
102059,100005,太田市,オオタシ
105244,100005,大泉町,オオイズミマチ
104213,100005,中之条町,ナカノジヨウマチ
104248,100005,長野原町,ナガノハラマチ
104256,100005,嬬恋村,ツマゴイムラ
104299,100005,東吾妻町,ヒガシアガツママチ
102091,100005,藤岡市,フジオカシ
103837,100005,南牧村,ナンモクムラ
105210,100005,板倉町,イタクラマチ
102105,100005,富岡市,トミオカシ
104434,100005,片品村,カタシナムラ
105228,100005,明和町,メイワマチ
105252,100005,邑楽町,オウラマチ
111007,110001,さいたま市,サイタマシ
112461,110001,白岡市,シラオカシ
113492,110001,ときがわ町,トキガワマチ
112453,110001,ふじみ野市,フジミノシ
113018,110001,伊奈町,イナマチ
112160,110001,羽生市,ハニユウシ
113271,110001,越生町,オゴセマチ
112224,110001,越谷市,コシガヤシ
113611,110001,横瀬町,ヨコゼマチ
112313,110001,桶川市,オケガワシ
112101,110001,加須市,カゾシ
113620,110001,皆野町,ミナノマチ
113417,110001,滑川町,ナメガワマチ
114081,110001,寄居町,ヨリイマチ
113476,110001,吉見町,ヨシミマチ
112437,110001,吉川市,ヨシカワシ
112321,110001,久喜市,クキシ
114421,110001,宮代町,ミヤシロマチ
112151,110001,狭山市,サヤマシ
112020,110001,熊谷市,クマガヤシ
112241,110001,戸田市,トダシ
112402,110001,幸手市,サッテシ
112062,110001,行田市,ギヨウダシ
112178,110001,鴻巣市,コウノスシ
112399,110001,坂戸市,サカドシ
112372,110001,三郷市,ミサトシ
113247,110001,三芳町,ミヨシマチ
112283,110001,志木市,シキシ
112143,110001,春日部市,カスカベシ
112089,110001,所沢市,トコロザワシ
113654,110001,小鹿野町,オガノマチ
113433,110001,小川町,オガワマチ
114651,110001,松伏町,マツブシマチ
112194,110001,上尾市,アゲオシ
113859,110001,上里町,カミサトマチ
112305,110001,新座市,ニイザシ
112186,110001,深谷市,フカヤシ
113832,110001,神川町,カミカワマチ
114642,110001,杉戸町,スギトマチ
112011,110001,川越市,カワゴエシ
112038,110001,川口市,カワグチシ
113468,110001,川島町,カワジママチ
112216,110001,草加市,ソウカシ
112071,110001,秩父市,チチブシ
112275,110001,朝霞市,アサカシ
113638,110001,長瀞町,ナガトロマチ
112411,110001,鶴ヶ島市,ツルガシマシ
112127,110001,東松山市,ヒガシマツヤマシ
113697,110001,東秩父村,ヒガシチチブムラ
112429,110001,日高市,ヒダカシ
112259,110001,入間市,イルマシ
112348,110001,八潮市,ヤシオシ
113484,110001,鳩山町,ハトヤママチ
112097,110001,飯能市,ハンノウシ
113816,110001,美里町,ミサトマチ
112356,110001,富士見市,フジミシ
112330,110001,北本市,キタモトシ
112119,110001,本庄市,ホンジヨウシ
113263,110001,毛呂山町,モロヤママチ
113425,110001,嵐山町,ランザンマチ
112381,110001,蓮田市,ハスダシ
112291,110001,和光市,ワコウシ
112232,110001,蕨市,ワラビシ
122386,120006,いすみ市,イスミシ
122157,120006,旭市,アサヒシ
124214,120006,一宮町,イチノミヤマチ
122319,120006,印西市,インザイシ
122271,120006,浦安市,ウラヤスシ
123293,120006,栄町,サカエマチ
124109,120006,横芝光町,ヨコシバヒカリマチ
122220,120006,我孫子市,アビコシ
122246,120006,鎌ケ谷市,カマガヤシ
122238,120006,鴨川市,カモガワシ
122050,120006,館山市,タテヤマシ
124630,120006,鋸南町,キヨナンマチ
124036,120006,九十九里町,クジユウクリマチ
122254,120006,君津市,キミツシ
124435,120006,御宿町,オンジユクマチ
122360,120006,香取市,カトリシ
122122,120006,佐倉市,サクラシ
122378,120006,山武市,サンムシ
122289,120006,四街道市,ヨツカイドウシ
122190,120006,市原市,イチハラシ
122033,120006,市川市,イチカワシ
124095,120006,芝山町,シバヤママチ
123226,120006,酒々井町,シスイマチ
122165,120006,習志野市,ナラシノシ
122181,120006,勝浦市,カツウラシ
122076,120006,松戸市,マツドシ
123421,120006,神崎町,コウザキマチ
122114,120006,成田市,ナリタシ
121002,120006,千葉市,チバシ
122041,120006,船橋市,フナバシシ
122351,120006,匝瑳市,ソウサシ
122297,120006,袖ケ浦市,ソデガウラシ
123471,120006,多古町,タコマチ
124419,120006,大多喜町,オオタキマチ
122394,120006,大網白里市,オオアミシラサトシ
122025,120006,銚子市,チョウシシ
124231,120006,長生村,チョウセイムラ
124273,120006,長南町,チョウナンマチ
124265,120006,長柄町,ナガラマチ
122131,120006,東金市,トウガネシ
123498,120006,東庄町,トウノショウマチ
122343,120006,南房総市,ミナミボウソウシ
122173,120006,柏市,カシワシ
122327,120006,白井市,シロイシ
124249,120006,白子町,シラコマチ
122301,120006,八街市,ヤチマタシ
122211,120006,八千代市,ヤチヨシ
122262,120006,富津市,フッツシ
122335,120006,富里市,トミサトシ
124222,120006,睦沢町,ムツザワマチ
122106,120006,茂原市,モバラシ
122068,120006,木更津市,キサラヅシ
122084,120006,野田市,ノダシ
122203,120006,流山市,ナガレヤマシ
132284,131016,あきる野市,アキルノシ
132250,131016,稲城市,イナギシ
132276,131016,羽村市,ハムラシ
133086,131016,奥多摩町,オクタママチ
131229,131016,葛飾区,カツシカク
133825,131016,御蔵島村,ミクラジマムラ
131237,131016,江戸川区,エドガワク
131083,131016,江東区,コウトウク
131032,131016,港区,ミナトク
131181,131016,荒川区,アラカワク
132144,131016,国分寺市,コクブンジシ
132152,131016,国立市,クニタチシ
132195,131016,狛江市,コマエシ
132047,131016,三鷹市,ミタカシ
133817,131016,三宅村,ミヤケムラ
131130,131016,渋谷区,シブヤク
134210,131016,小笠原村,オガサワラムラ
132101,131016,小金井市,コガネイシ
132110,131016,小平市,コダイラシ
132071,131016,昭島市,アキシマシ
131041,131016,新宿区,シンジュクク
133639,131016,新島村,ニイジマムラ
133647,131016,神津島村,コウヅシマムラ
133035,131016,瑞穂町,ミズホマチ
131156,131016,杉並区,スギナミク
131121,131016,世田谷区,セタガヤク
132217,131016,清瀬市,キヨセシ
132292,131016,西東京市,ニシトウキョウシ
134023,131016,青ヶ島村,アオガシマムラ
132055,131016,青梅市,オウメシ
131016,131016,千代田区,チヨダク
131211,131016,足立区,アダチク
132241,131016,多摩市,タマシ
131067,131016,台東区,タイトウク
131113,131016,大田区,オオタク
133612,131016,大島町,オオシママチ
131024,131016,中央区,チュウオウク
131148,131016,中野区,ナカノク
132098,131016,町田市,マチダシ
132080,131016,調布市,チョウフシ
132225,131016,東久留米市,ヒガシクルメシ
132136,131016,東村山市,ヒガシムラヤマシ
132209,131016,東大和市,ヒガシヤマトシ
133051,131016,日の出町,ヒノデマチ
132128,131016,日野市,ヒノシ
132012,131016,八王子市,ハチオウジシ
134015,131016,八丈町,ハチジョウマチ
131199,131016,板橋区,イタバシク
131091,131016,品川区,シナガワク
132063,131016,府中市,フチュウシ
132233,131016,武蔵村山市,ムサシムラヤマシ
132039,131016,武蔵野市,ムサシノシ
132187,131016,福生市,フッサシ
131059,131016,文京区,ブンキョウク
131164,131016,豊島区,トシマク
131172,131016,北区,キタク
131075,131016,墨田区,スミダク
131105,131016,目黒区,メグロク
133621,131016,利島村,トシマムラ
132021,131016,立川市,タチカワシ
131202,131016,練馬区,ネリマク
133078,131016,檜原村,ヒノハラムラ
144011,140007,愛川町,アイカワマチ
142182,140007,綾瀬市,アヤセシ
142140,140007,伊勢原市,イセハラシ
142018,140007,横須賀市,ヨコスカシ
141003,140007,横浜市,ヨコハマシ
142158,140007,海老名市,エビナシ
143669,140007,開成町,カイセイマチ
142042,140007,鎌倉市,カマクラシ
142077,140007,茅ヶ崎市,チガサキシ
143219,140007,寒川町,サムカワマチ
142123,140007,厚木市,アツギシ
142166,140007,座間市,ザマシ
142107,140007,三浦市,ミウラシ
143642,140007,山北町,ヤマキタマチ
142069,140007,小田原市,オダワラシ
143634,140007,松田町,マツダマチ
143839,140007,真鶴町,マナツルマチ
142115,140007,秦野市,ハダノシ
142085,140007,逗子市,ズシシ
144029,140007,清川村,キヨカワムラ
141305,140007,川崎市,カワサキシ
141500,140007,相模原市,サガミハラシ
143626,140007,大井町,オオイマチ
143413,140007,大磯町,オオイソマチ
142131,140007,大和市,ヤマトシ
143618,140007,中井町,ナカイマチ
143847,140007,湯河原町,ユガワラマチ
142051,140007,藤沢市,フジサワシ
142174,140007,南足柄市,ミナミアシガラシ
143421,140007,二宮町,ニノミヤマチ
143821,140007,箱根町,ハコネマチ
142034,140007,平塚市,ヒラツカシ
143014,140007,葉山町,ハヤママチ
153851,150002,阿賀町,アガマチ
152234,150002,阿賀野市,アガノシ
155861,150002,粟島浦村,アワシマウラムラ
152137,150002,燕市,ツバメシ
152099,150002,加茂市,カモシ
155047,150002,刈羽村,カリワムラ
155811,150002,関川村,セキカワムラ
152251,150002,魚沼市,ウオヌマシ
152111,150002,見附市,ミツケシ
152188,150002,五泉市,ゴセンシ
152242,150002,佐渡市,サドシ
152048,150002,三条市,サンジョウシ
152161,150002,糸魚川市,イトイガワシ
152102,150002,十日町市,トオカマチシ
154059,150002,出雲崎町,イズモザキマチ
152081,150002,小千谷市,オヂヤシ
152226,150002,上越市,ジョウエツシ
151009,150002,新潟市,ニイガタシ
152064,150002,新発田市,シバタシ
153079,150002,聖籠町,セイロウマチ
152129,150002,村上市,ムラカミシ
152277,150002,胎内市,タイナイシ
152021,150002,長岡市,ナガオカシ
154822,150002,津南町,ツナンマチ
153613,150002,田上町,タガミマチ
154610,150002,湯沢町,ユザワマチ
152269,150002,南魚沼市,ミナミウオヌマシ
152056,150002,柏崎市,カシワザキシ
152170,150002,妙高市,ミョウコウシ
153427,150002,弥彦村,ヤヒコムラ
162060,155861,滑川市,ナメリカワシ
162043,155861,魚津市,ウオヅシ
162027,155861,高岡市,タカオカシ
162078,155861,黒部市,クロベシ
162116,155861,射水市,イミズシ
163210,155861,舟橋村,フナハシムラ
162094,155861,小矢部市,オヤベシ
163228,155861,上市町,カミイチマチ
163431,155861,朝日町,アサヒマチ
162086,155861,砺波市,トナミシ
162108,155861,南砺市,ナントシ
163422,155861,入善町,ニュウゼンマチ
162051,155861,氷見市,ヒミシ
162019,155861,富山市,トヤマシ
163236,155861,立山町,タテヤママチ
172090,170003,かほく市,カホクシ
172073,170003,羽咋市,ハクイシ
172065,170003,加賀市,カガシ
172014,170003,金沢市,カナザワシ
174611,170003,穴水町,アナミズマチ
173843,170003,志賀町,シカマチ
172022,170003,七尾市,ナナオシ
172057,170003,珠洲市,スズシ
172031,170003,小松市,コマツシ
173240,170003,川北町,カワキタマチ
174076,170003,中能登町,ナカノトマチ
173614,170003,津幡町,ツバタマチ
173657,170003,内灘町,ウチナダマチ
174637,170003,能登町,ノトチョウ
172111,170003,能美市,ノミシ
172103,170003,白山市,ハクサンシ
173860,170003,宝達志水町,ホウダツシミズチョウ
172120,170003,野々市市,ノノイチシ
172049,170003,輪島市,ワジマシ
182087,180009,あわら市,アワラシ
184837,180009,おおい町,オオイチョウ
183229,180009,永平寺町,エイヘイジチョウ
182095,180009,越前市,エチゼンシ
184233,180009,越前町,エチゼンチョウ
184811,180009,高浜町,タカハマチョウ
182109,180009,坂井市,サカイシ
182079,180009,鯖江市,サバエシ
185019,180009,若狭町,ワカサチョウ
182061,180009,勝山市,カツヤマシ
182044,180009,小浜市,オバマシ
182052,180009,大野市,オオノシ
183822,180009,池田町,イケダチョウ
182028,180009,敦賀市,ツルガシ
184047,180009,南越前町,ミナミエチゼンチョウ
184420,180009,美浜町,ミハマチョウ
182010,180009,福井市,フクイシ
192139,190004,甲州市,コウシュウシ
192104,190004,甲斐市,カイシ
192015,190004,甲府市,コウフシ
194255,190004,山中湖村,ヤマナカコムラ
192058,190004,山梨市,ヤマナシシ
193461,190004,市川三郷町,イチカワミサトチョウ
194425,190004,小菅村,コスゲムラ
193844,190004,昭和町,ショウワチョウ
192121,190004,上野原市,ウエノハラシ
193658,190004,身延町,ミノブチョウ
194239,190004,西桂町,ニシカツラチョウ
193640,190004,早川町,ハヤカワチョウ
192066,190004,大月市,オオツキシ
194433,190004,丹波山村,タバヤマムラ
192147,190004,中央市,チュウオウシ
192112,190004,笛吹市,フエフキシ
192040,190004,都留市,ツルシ
194221,190004,道志村,ドウシムラ
192082,190004,南アルプス市,ミナミアルプスシ
193666,190004,南部町,ナンブチョウ
192074,190004,韮崎市,ニラサキシ
194247,190004,忍野村,オシノムラ
194301,190004,富士河口湖町,フジカワグチコマチ
192023,190004,富士吉田市,フジヨシダシ
193682,190004,富士川町,フジカワチョウ
192091,190004,北杜市,ホクトシ
194298,190004,鳴沢村,ナルサワムラ
204072,200000,阿智村,アチムラ
204048,200000,阿南町,アナンチョウ
202207,200000,安曇野市,アヅミノシ
202096,200000,伊那市,イナシ
206024,200000,栄村,サカエムラ
202151,200000,塩尻市,シオジリシ
204293,200000,王滝村,オウタキムラ
202045,200000,岡谷市,オカヤシ
203611,200000,下諏訪町,シモスワマチ
204111,200000,下條村,シモジョウムラ
202142,200000,茅野市,チノシ
203882,200000,宮田村,ミヤダムラ
204153,200000,喬木村,タカギムラ
202100,200000,駒ヶ根市,コマガネシ
203211,200000,軽井沢町,カルイザワマチ
203637,200000,原村,ハラムラ
203238,200000,御代田町,ミヨタマチ
205435,200000,高山村,タカヤマムラ
204030,200000,高森町,タカモリマチ
204102,200000,根羽村,ネバムラ
202177,200000,佐久市,サクシ
203092,200000,佐久穂町,サクホマチ
205214,200000,坂城町,サカキマチ
205613,200000,山ノ内町,ヤマノウチマチ
204501,200000,山形村,ヤマガタムラ
203033,200000,小海町,コウミマチ
202088,200000,小諸市,コモロシ
205885,200000,小川村,オガワムラ
204862,200000,小谷村,オタリムラ
205419,200000,小布施町,オブセマチ
204820,200000,松川村,マツカワムラ
204021,200000,松川町,マツカワマチ
202029,200000,松本市,マツモトシ
204226,200000,上松町,アゲマツマチ
202037,200000,上田市,ウエダシ
205834,200000,信濃町,シナノマチ
202061,200000,諏訪市,スワシ
202070,200000,須坂市,スザカシ
204480,200000,生坂村,イクサカムラ
203491,200000,青木村,アオキムラ
202185,200000,千曲市,チクマシ
203041,200000,川上村,カワカミムラ
204145,200000,泰阜村,ヤスオカムラ
204307,200000,大桑村,オオクワムラ
204170,200000,大鹿村,オオシカムラ
202126,200000,大町市,オオマチシ
203823,200000,辰野町,タツノマチ
204811,200000,池田町,イケダマチ
204528,200000,筑北村,チクホクムラ
203866,200000,中川村,ナカガワムラ
202118,200000,中野市,ナカノシ
204510,200000,朝日村,アサヒムラ
202011,200000,長野市,ナガノシ
203505,200000,長和町,ナガワマチ
204137,200000,天龍村,テンリュウムラ
202193,200000,東御市,トウミシ
203068,200000,南相木村,ミナミアイキムラ
203050,200000,南牧村,ミナミマキムラ
203858,200000,南箕輪村,ミナミミノワムラ
204234,200000,南木曽町,ナギソマチ
204129,200000,売木村,ウルギムラ
204854,200000,白馬村,ハクバムラ
205907,200000,飯綱町,イイヅナマチ
202134,200000,飯山市,イイヤマシ
202053,200000,飯田市,イイダシ
203840,200000,飯島町,イイジママチ
203629,200000,富士見町,フジミマチ
204099,200000,平谷村,ヒラヤムラ
204161,200000,豊丘村,トヨオカムラ
203076,200000,北相木村,キタアイキムラ
204463,200000,麻績村,オミムラ
203831,200000,箕輪町,ミノワマチ
204323,200000,木曽町,キソマチ
204251,200000,木祖村,キソムラ
205621,200000,木島平村,キジマダイラムラ
205630,200000,野沢温泉村,ノザワオンセンムラ
203246,200000,立科町,タテシナマチ
213837,210005,安八町,アンパチチョウ
212091,210005,羽島市,ハシマシ
212202,210005,下呂市,ゲロシ
212148,210005,可児市,カニシ
212211,210005,海津市,カイヅシ
212130,210005,各務原市,カカミガハラシ
213039,210005,笠松町,カサマツチョウ
213624,210005,関ケ原町,セキガハラチョウ
212059,210005,関市,セキシ
213021,210005,岐南町,ギナンチョウ
212016,210005,岐阜市,ギフシ
212199,210005,郡上市,グジョウシ
212105,210005,恵那市,エナシ
215210,210005,御嵩町,ミタケチョウ
212032,210005,高山市,タカヤマシ
215015,210005,坂祝町,サカホギチョウ
212156,210005,山県市,ヤマガタシ
215040,210005,七宗町,ヒチソウチョウ
213811,210005,神戸町,ゴウドチョウ
213616,210005,垂井町,タルイチョウ
212164,210005,瑞穂市,ミズホシ
212083,210005,瑞浪市,ミズナミシ
215031,210005,川辺町,カワベチョウ
212041,210005,多治見市,タジミシ
212024,210005,大垣市,オオガキシ
214035,210005,大野町,オオノチョウ
214043,210005,池田町,イケダチョウ
212067,210005,中津川市,ナカツガワシ
212121,210005,土岐市,トキシ
215074,210005,東白川村,ヒガシシラカワムラ
216046,210005,白川村,シラカワムラ
215066,210005,白川町,シラカワチョウ
215058,210005,八百津町,ヤオツチョウ
212172,210005,飛騨市,ヒダシ
212113,210005,美濃加茂市,ミノカモシ
212075,210005,美濃市,ミノシ
215023,210005,富加町,トミカチョウ
214213,210005,北方町,キタガタチョウ
212181,210005,本巣市,モトスシ
214019,210005,揖斐川町,イビガワチョウ
213411,210005,養老町,ヨウロウチョウ
213829,210005,輪之内町,ワノウチチョウ
222089,220001,伊東市,イトウシ
222259,220001,伊豆の国市,イズノクニシ
222224,220001,伊豆市,イズシ
222194,220001,下田市,シモダシ
223026,220001,河津町,カワヅチョウ
222135,220001,掛川市,カケガワシ
222241,220001,菊川市,キクガワシ
224243,220001,吉田町,ヨシダチョウ
222216,220001,湖西市,コサイシ
222232,220001,御前崎市,オマエザキシ
222151,220001,御殿場市,ゴテンバシ
222062,220001,三島市,ミシマシ
223441,220001,小山町,オヤマチョウ
223051,220001,松崎町,マツザキチョウ
222038,220001,沼津市,ヌマヅシ
222127,220001,焼津市,ヤイヅシ
224618,220001,森町,モリマチ
222208,220001,裾野市,スソノシ
223417,220001,清水町,シミズチョウ
223069,220001,西伊豆町,ニシイズチョウ
221007,220001,静岡市,シズオカシ
224294,220001,川根本町,カワネホンチョウ
222160,220001,袋井市,フクロイシ
223425,220001,長泉町,ナガイズミチョウ
222097,220001,島田市,シマダシ
223018,220001,東伊豆町,ヒガシイズチョウ
222143,220001,藤枝市,フジエダシ
223042,220001,南伊豆町,ミナミイズチョウ
222054,220001,熱海市,アタミシ
223255,220001,函南町,カンナミチョウ
222119,220001,磐田市,イワタシ
221309,220001,浜松市,ハママツシ
222071,220001,富士宮市,フジノミヤシ
222101,220001,富士市,フジシ
222267,220001,牧之原市,マキノハラシ
232378,230006,あま市,アマシ
232360,230006,みよし市,ミヨシシ
234419,230006,阿久比町,アグイチョウ
232327,230006,愛西市,アイサイシ
232122,230006,安城市,アンジョウシ
232033,230006,一宮市,イチノミヤシ
232203,230006,稲沢市,イナザワシ
232025,230006,岡崎市,オカザキシ
234257,230006,蟹江町,カニエチョウ
232149,230006,蒲郡市,ガマゴオリシ
232106,230006,刈谷市,カリヤシ
232289,230006,岩倉市,イワクラシ
232157,230006,犬山市,イヌヤマシ
235016,230006,幸田町,コウタチョウ
232173,230006,江南市,コウナンシ
232271,230006,高浜市,タカハマシ
232068,230006,春日井市,カスガイシ
232190,230006,小牧市,コマキシ
232165,230006,常滑市,トコナメシ
232211,230006,新城市,シンシロシ
232041,230006,瀬戸市,セトシ
232335,230006,清須市,キヨスシ
232131,230006,西尾市,ニシオシ
235610,230006,設楽町,シタラチョウ
233617,230006,大口町,オオグチチョウ
234249,230006,大治町,オオハルチョウ
232238,230006,大府市,オオブシ
232246,230006,知多市,チタシ
232254,230006,知立市,チリュウシ
232386,230006,長久手市,ナガクテシ
232084,230006,津島市,ツシマシ
232319,230006,田原市,タハラシ
234427,230006,東浦町,ヒガシウラチョウ
235628,230006,東栄町,トウエイチョウ
232220,230006,東海市,トウカイシ
233021,230006,東郷町,トウゴウチョウ
234451,230006,南知多町,ミナミチタチョウ
232301,230006,日進市,ニッシンシ
232050,230006,半田市,ハンダシ
234273,230006,飛島村,トビシマムラ
232262,230006,尾張旭市,オワリアサヒシ
234460,230006,美浜町,ミハマチョウ
233625,230006,扶桑町,フソウチョウ
234478,230006,武豊町,タケトヨチョウ
232092,230006,碧南市,ヘキナンシ
232017,230006,豊橋市,トヨハシシ
235636,230006,豊根村,トヨネムラ
233421,230006,豊山町,トヨヤマチョウ
232076,230006,豊川市,トヨカワシ
232114,230006,豊田市,トヨタシ
232297,230006,豊明市,トヨアケシ
232343,230006,北名古屋市,キタナゴヤシ
231002,230006,名古屋市,ナゴヤシ
232351,230006,弥富市,ヤトミシ
242144,240001,いなべ市,イナベシ
242161,240001,伊賀市,イガシ
242039,240001,伊勢市,イセシ
245623,240001,紀宝町,キホウチョウ
245437,240001,紀北町,キホクチョウ
242101,240001,亀山市,カメヤマシ
244619,240001,玉城町,タマキチョウ
242128,240001,熊野市,クマノシ
242055,240001,桑名市,クワナシ
243418,240001,菰野町,コモノチョウ
245615,240001,御浜町,ミハマチョウ
242021,240001,四日市市,ヨッカイチシ
242152,240001,志摩市,シマシ
242047,240001,松阪市,マツサカシ
243442,240001,川越町,カワゴエチョウ
244414,240001,多気町,タキチョウ
244716,240001,大紀町,タイキチョウ
244431,240001,大台町,オオダイチョウ
243434,240001,朝日町,アサヒチョウ
242110,240001,鳥羽市,トバシ
242012,240001,津市,ツシ
244708,240001,度会町,ワタライチョウ
243248,240001,東員町,トウインチョウ
244724,240001,南伊勢町,ミナミイセチョウ
242098,240001,尾鷲市,オワセシ
242080,240001,名張市,ナバリシ
244422,240001,明和町,メイワチョウ
243035,240001,木曽岬町,キソサキチョウ
242071,240001,鈴鹿市,スズカシ
254258,250007,愛荘町,アイショウチョウ
252042,250007,近江八幡市,オウミハチマンシ
252085,250007,栗東市,リットウシ
252115,250007,湖南市,コナンシ
252093,250007,甲賀市,コウカシ
254428,250007,甲良町,コウラチョウ
252123,250007,高島市,タカシマシ
252077,250007,守山市,モリヤマシ
252069,250007,草津市,クサツシ
254436,250007,多賀町,タガチョウ
252018,250007,大津市,オオツシ
252034,250007,長浜市,ナガハマシ
252131,250007,東近江市,ヒガシオウミシ
253839,250007,日野町,ヒノチョウ
252026,250007,彦根市,ヒコネシ
252140,250007,米原市,マイバラシ
254410,250007,豊郷町,トヨサトチョウ
252107,250007,野洲市,ヤスシ
253847,250007,竜王町,リユウオウチョウ
262030,260002,綾部市,アヤベシ
264636,260002,伊根町,イネチョウ
263435,260002,井手町,イデチョウ
262048,260002,宇治市,ウジシ
263443,260002,宇治田原町,ウジタワラチョウ
263648,260002,笠置町,カサギチョウ
262064,260002,亀岡市,カメオカシ
263222,260002,久御山町,クミヤマチョウ
262056,260002,宮津市,ミヤヅシ
262129,260002,京丹後市,キョウタンゴシ
264075,260002,京丹波町,キョウタンバチョウ
262111,260002,京田辺市,キョウタナベシ
261009,260002,京都市,キョウトシ
262081,260002,向日市,ムコウシ
262072,260002,城陽市,ジョウヨウシ
263664,260002,精華町,セイカチョウ
263036,260002,大山崎町,オオヤマザキチョウ
262099,260002,長岡京市,ナガオカキョウシ
263672,260002,南山城村,ミナミヤマシロムラ
262137,260002,南丹市,ナンタンシ
262102,260002,八幡市,ヤワタシ
262021,260002,舞鶴市,マイヅルシ
262013,260002,福知山市,フクチヤマシ
262145,260002,木津川市,キヅガワシ
264652,260002,与謝野町,ヨサノチョウ
263656,260002,和束町,ワヅカチョウ
272116,270008,茨木市,イバラキシ
272221,270008,羽曳野市,ハビキノシ
272167,270008,河内長野市,カワチナガノシ
273821,270008,河南町,カナンチョウ
272086,270008,貝塚市,カイヅカシ
272027,270008,岸和田市,キシワダシ
273619,270008,熊取町,クマトリチョウ
272302,270008,交野市,カタノシ
272256,270008,高石市,タカイシシ
272078,270008,高槻市,タカツキシ
272329,270008,阪南市,ハンナンシ
271403,270008,堺市,サカイシ
272299,270008,四條畷市,シジヨウナワテシ
272094,270008,守口市,モリグチシ
272175,270008,松原市,マツバラシ
272159,270008,寝屋川市,ネヤガワシ
272051,270008,吹田市,スイタシ
272248,270008,摂津市,セッツシ
273830,270008,千早赤阪村,チハヤアカサカムラ
272132,270008,泉佐野市,イズミサノシ
272060,270008,泉大津市,イズミオオツシ
272281,270008,泉南市,センナンシ
273813,270008,太子町,タイシチョウ
272311,270008,大阪狭山市,オオサカサヤマシ
271004,270008,大阪市,オオサカシ
272183,270008,大東市,ダイトウシ
272043,270008,池田市,イケダシ
273414,270008,忠岡町,タダオカチョウ
273627,270008,田尻町,タジリチョウ
273015,270008,島本町,シマモトチョウ
272272,270008,東大阪市,ヒガシオオサカシ
272264,270008,藤井寺市,フジイデラシ
273228,270008,能勢町,ノセチョウ
272213,270008,柏原市,カシワラシ
272124,270008,八尾市,ヤオシ
272141,270008,富田林市,トンダバヤシシ
272035,270008,豊中市,トヨナカシ
273210,270008,豊能町,トヨノチョウ
272108,270008,枚方市,ヒラカタシ
272205,270008,箕面市,ミノオシ
273660,270008,岬町,ミサキチョウ
272230,270008,門真市,カドマシ
272191,270008,和泉市,イズミシ
282294,280003,たつの市,タツノシ
282219,280003,丹波篠山市,タンバササヤマシ
282065,280003,芦屋市,アシヤシ
282073,280003,伊丹市,イタミシ
283819,280003,稲美町,イナミチョウ
282103,280003,加古川市,カコガワシ
282201,280003,加西市,カサイシ
282286,280003,加東市,カトウシ
285854,280003,香美町,カミチョウ
282162,280003,高砂市,タカサゴシ
285013,280003,佐用町,サヨウチョウ
282197,280003,三田市,サンダシ
282154,280003,三木市,ミキシ
284424,280003,市川町,イチカワチョウ
282278,280003,宍粟市,シソウシ
282057,280003,洲本市,スモトシ
282189,280003,小野市,オノシ
284815,280003,上郡町,カミゴオリチョウ
285862,280003,新温泉町,シンオンセンチョウ
284467,280003,神河町,カミカワチョウ
281000,280003,神戸市,コウベシ
282049,280003,西宮市,ニシノミヤシ
282138,280003,西脇市,ニシワキシ
282120,280003,赤穂市,アコウシ
282171,280003,川西市,カワニシシ
282081,280003,相生市,アイオイシ
283657,280003,多可町,タカチョウ
284645,280003,太子町,タイシチョウ
282235,280003,丹波市,タンバシ
282260,280003,淡路市,アワジシ
283011,280003,猪名川町,イナガワチョウ
282251,280003,朝来市,アサゴシ
282243,280003,南あわじ市,ミナミアワジシ
282022,280003,尼崎市,アマガサキシ
283827,280003,播磨町,ハリマチョウ
282014,280003,姫路市,ヒメジシ
284432,280003,福崎町,フクサキチョウ
282146,280003,宝塚市,タカラヅカシ
282090,280003,豊岡市,トヨオカシ
282031,280003,明石市,アカシシ
282227,280003,養父市,ヤブシ
293458,290009,安堵町,アンドチョウ
292125,290009,宇陀市,ウダシ
294250,290009,王寺町,オウジチョウ
294438,290009,下市町,シモイチチョウ
294501,290009,下北山村,シモキタヤマムラ
294276,290009,河合町,カワイチョウ
292052,290009,橿原市,カシハラシ
292117,290009,葛城市,カツラギシ
294411,290009,吉野町,ヨシノチョウ
292079,290009,五條市,ゴジョウシ
292087,290009,御所市,ゴセシ
293865,290009,御杖村,ミツエムラ
294268,290009,広陵町,コウリヨウチョウ
292109,290009,香芝市,カシバシ
294012,290009,高取町,タカトリチョウ
294446,290009,黒滝村,クロタキムラ
292061,290009,桜井市,サクライシ
293431,290009,三郷町,サンゴウチョウ
293628,290009,三宅町,ミヤケチョウ
293229,290009,山添村,ヤマゾエムラ
294497,290009,十津川村,トツカワムラ
294519,290009,上北山村,カミキタヤマムラ
294241,290009,上牧町,カンマキチョウ
292095,290009,生駒市,イコマシ
294527,290009,川上村,カワカミムラ
293610,290009,川西町,カワニシチョウ
293857,290009,曽爾村,ソニムラ
294420,290009,大淀町,オオヨドチョウ
292036,290009,大和郡山市,ヤマトコオリヤマシ
292028,290009,大和高田市,ヤマトタカダシ
294462,290009,天川村,テンカワムラ
292044,290009,天理市,テンリシ
293636,290009,田原本町,タワラモトチョウ
294535,290009,東吉野村,ヒガシヨシノムラ
292010,290009,奈良市,ナラシ
293440,290009,斑鳩町,イカルガチョウ
293423,290009,平群町,ヘグリチョウ
294021,290009,明日香村,アスカムラ
294471,290009,野迫川村,ノセガワムラ
303411,300004,かつらぎ町,カツラギチョウ
304069,300004,すさみ町,スサミチョウ
303917,300004,みなべ町,ミナベチョウ
303909,300004,印南町,イナミチョウ
302023,300004,海南市,カイナンシ
302091,300004,岩出市,イワデシ
302082,300004,紀の川市,キノカワシ
303046,300004,紀美野町,キミノチョウ
302031,300004,橋本市,ハシモトシ
303437,300004,九度山町,クドヤマチョウ
304280,300004,串本町,クシモトチョウ
304247,300004,古座川町,コザガワチョウ
302058,300004,御坊市,ゴボウシ
303623,300004,広川町,ヒロガワチョウ
303445,300004,高野町,コウヤチョウ
304042,300004,上富田町,カミトンダチョウ
302074,300004,新宮市,シングウシ
304221,300004,太地町,タイジチョウ
302066,300004,田辺市,タナベシ
303615,300004,湯浅町,ユアサチョウ
304212,300004,那智勝浦町,ナチカツウラチョウ
303925,300004,日高川町,ヒダカガワチョウ
303828,300004,日高町,ヒダカチョウ
304018,300004,白浜町,シラハマチョウ
303810,300004,美浜町,ミハマチョウ
304271,300004,北山村,キタヤマムラ
302040,300004,有田市,アリダシ
303666,300004,有田川町,アリダガワチョウ
303836,300004,由良町,ユラチョウ
302015,300004,和歌山市,ワカヤマシ
313025,310000,岩美町,イワミチョウ
312045,310000,境港市,サカイミナトシ
313718,310000,琴浦町,コトウラチョウ
314030,310000,江府町,コウフチョウ
313645,310000,三朝町,ミササチョウ
313254,310000,若桜町,ワカサチョウ
312037,310000,倉吉市,クラヨシシ
313866,310000,大山町,ダイセンチョウ
313289,310000,智頭町,チヅチョウ
312011,310000,鳥取市,トットリシ
313700,310000,湯梨浜町,ユリハマチョウ
313891,310000,南部町,ナンブチョウ
313840,310000,日吉津村,ヒエヅソン
314013,310000,日南町,ニチナンチョウ
314021,310000,日野町,ヒノチョウ
313904,310000,伯耆町,ホウキチョウ
313297,310000,八頭町,ヤズチョウ
312029,310000,米子市,ヨナゴシ
313726,310000,北栄町,ホクエイチョウ
322067,320005,安来市,ヤスギシ
325287,320005,隠岐の島町,オキノシマチョウ
322091,320005,雲南市,ウンナンシ
322041,320005,益田市,マスダシ
323438,320005,奥出雲町,オクイズモチョウ
325252,320005,海士町,アマチョウ
325058,320005,吉賀町,ヨシカチョウ
322075,320005,江津市,ゴウツシ
322032,320005,出雲市,イズモシ
322016,320005,松江市,マツエシ
325261,320005,西ノ島町,ニシノシマチョウ
324418,320005,川本町,カワモトマチ
322059,320005,大田市,オオダシ
325279,320005,知夫村,チブムラ
325015,320005,津和野町,ツワノチョウ
323861,320005,飯南町,イイナンチョウ
324485,320005,美郷町,ミサトチョウ
322024,320005,浜田市,ハマダシ
324493,320005,邑南町,オオナンチョウ
332071,330001,井原市,イバラシ
331007,330001,岡山市,オカヤマシ
332054,330001,笠岡市,カサオカシ
336815,330001,吉備中央町,キビチュウオウチョウ
336637,330001,久米南町,クメナンチョウ
336068,330001,鏡野町,カガミノチョウ
332046,330001,玉野市,タマノシ
332097,330001,高梁市,タカハシシ
336220,330001,勝央町,ショウオウチョウ
332101,330001,新見市,ニイミシ
335860,330001,新庄村,シンジヨウソン
332143,330001,真庭市,マニワシ
332127,330001,瀬戸内市,セトウチシ
336432,330001,西粟倉村,ニシアワクラソン
332135,330001,赤磐市,アカイワシ
332160,330001,浅口市,アサクチシ
332020,330001,倉敷市,クラシキシ
334235,330001,早島町,ハヤシマチョウ
332089,330001,総社市,ソウジヤシ
332038,330001,津山市,ツヤマシ
336238,330001,奈義町,ナギチョウ
332119,330001,備前市,ビゼンシ
336661,330001,美咲町,ミサキチョウ
332151,330001,美作市,ミマサカシ
334618,330001,矢掛町,ヤカゲチョウ
334456,330001,里庄町,サトショウチョウ
333468,330001,和気町,ワケチョウ
342149,340006,安芸高田市,アキタカタシ
343684,340006,安芸太田町,アキオオタチョウ
343048,340006,海田町,カイタチョウ
343072,340006,熊野町,クマノチョウ
342025,340006,呉市,クレシ
341002,340006,広島市,ヒロシマシ
342157,340006,江田島市,エタジマシ
343099,340006,坂町,サカチョウ
342041,340006,三原市,ミハラシ
342092,340006,三次市,ミヨシシ
342106,340006,庄原市,ショウバラシ
345458,340006,神石高原町,ジンセキコウゲンチョウ
344621,340006,世羅町,セラチョウ
344311,340006,大崎上島町,オオサキカミジマチョウ
342114,340006,大竹市,オオタケシ
342033,340006,竹原市,タケハラシ
342122,340006,東広島市,ヒガシヒロシマシ
342131,340006,廿日市市,ハツカイチシ
342050,340006,尾道市,オノミチシ
342084,340006,府中市,フチュウシ
343021,340006,府中町,フチュウチョウ
342076,340006,福山市,フクヤマシ
343692,340006,北広島町,キタヒロシマチョウ
355020,350001,阿武町,アブチョウ
352021,350001,宇部市,ウベシ
352012,350001,下関市,シモノセキシ
352071,350001,下松市,クダマツシ
352080,350001,岩国市,イワクニシ
352101,350001,光市,ヒカリシ
352039,350001,山口市,ヤマグチシ
352161,350001,山陽小野田市,サンヨウオノダシ
352152,350001,周南市,シュウナンシ
353051,350001,周防大島町,スオウオオシマチョウ
353418,350001,上関町,カミノセキチョウ
352110,350001,長門市,ナガトシ
353434,350001,田布施町,タブセチョウ
352047,350001,萩市,ハギシ
352136,350001,美祢市,ミネシ
353442,350001,平生町,ヒラオチョウ
352063,350001,防府市,ホウフシ
352128,350001,柳井市,ヤナイシ
353213,350001,和木町,ワキチョウ
364681,360007,つるぎ町,ツルギチョウ
362042,360007,阿南市,アナンシ
362069,360007,阿波市,アワシ
363880,360007,海陽町,カイヨウチョウ
362051,360007,吉野川市,ヨシノガワシ
363219,360007,佐那河内村,サナゴウチソン
362085,360007,三好市,ミヨシシ
363014,360007,勝浦町,カツウラチョウ
362034,360007,小松島市,コマツシマシ
364011,360007,松茂町,マツシゲチョウ
363022,360007,上勝町,カミカツチョウ
364053,360007,上板町,カミイタチョウ
363421,360007,神山町,カミヤマチョウ
363413,360007,石井町,イシイチョウ
364894,360007,東みよし町,ヒガシミヨシチョウ
362018,360007,徳島市,トクシマシ
363685,360007,那賀町,ナカチョウ
364045,360007,板野町,イタノチョウ
363871,360007,美波町,ミナミチョウ
362077,360007,美馬市,ミマシ
364029,360007,北島町,キタジマチョウ
363839,360007,牟岐町,ムギチョウ
362026,360007,鳴門市,ナルトシ
364037,360007,藍住町,アイズミチョウ
372064,370002,さぬき市,サヌキシ
374067,370002,まんのう町,マンノウチョウ
373877,370002,綾川町,アヤガワチョウ
373869,370002,宇多津町,ウタヅチョウ
372056,370002,観音寺市,カンオンジシ
372021,370002,丸亀市,マルガメシ
374032,370002,琴平町,コトヒラチョウ
372013,370002,高松市,タカマツシ
372030,370002,坂出市,サカイデシ
372081,370002,三豊市,ミトヨシ
373419,370002,三木町,ミキチョウ
373249,370002,小豆島町,ショウドシマチョウ
372048,370002,善通寺市,ゼンツウジシ
374041,370002,多度津町,タドツチョウ
373648,370002,直島町,ナオシマチョウ
373222,370002,土庄町,トノショウチョウ
372072,370002,東かがわ市,ヒガシカガワシ
385069,380008,愛南町,アイナンチョウ
384429,380008,伊方町,イカタチョウ
382108,380008,伊予市,イヨシ
382035,380008,宇和島市,ウワジマシ
384887,380008,鬼北町,キホクチョウ
383864,380008,久万高原町,クマコウゲンチョウ
382027,380008,今治市,イマバリシ
382132,380008,四国中央市,シコクチュウオウシ
382019,380008,松山市,マツヤマシ
384011,380008,松前町,マサキチョウ
384844,380008,松野町,マツノチョウ
383562,380008,上島町,カミジマチョウ
382051,380008,新居浜市,ニイハマシ
382060,380008,西条市,サイジョウシ
382141,380008,西予市,セイヨシ
382078,380008,大洲市,オオズシ
384020,380008,砥部町,トベチョウ
382159,380008,東温市,トウオンシ
384224,380008,内子町,ウチコチョウ
382043,380008,八幡浜市,ヤワタハマシ
393860,390003,いの町,イノチョウ
392031,390003,安芸市,アキシ
393045,390003,安田町,ヤスダチョウ
394033,390003,越知町,オチチョウ
393070,390003,芸西村,ゲイセイムラ
392111,390003,香南市,コウナンシ
392120,390003,香美市,カミシ
392014,390003,高知市,コウチシ
394289,390003,黒潮町,クロシオチョウ
394025,390003,佐川町,サカワチョウ
394271,390003,三原村,ミハラムラ
392103,390003,四万十市,シマントシ
394122,390003,四万十町,シマントチョウ
392022,390003,室戸市,ムロトシ
392081,390003,宿毛市,スクモシ
393878,390003,仁淀川町,ニヨドガワチョウ
392065,390003,須崎市,スサキシ
394246,390003,大月町,オオツキチョウ
393649,390003,大川村,オオカワムラ
393444,390003,大豊町,オオトヨチョウ
394017,390003,中土佐町,ナカトサチョウ
394114,390003,津野町,ツノチョウ
393037,390003,田野町,タノチョウ
392057,390003,土佐市,トサシ
392090,390003,土佐清水市,トサシミズシ
393631,390003,土佐町,トサチョウ
393011,390003,東洋町,トウヨウチョウ
394050,390003,梼原町,ユスハラチョウ
393029,390003,奈半利町,ナハリチョウ
392049,390003,南国市,ナンコクシ
394106,390003,日高村,ヒダカムラ
393061,390003,馬路村,ウマジムラ
393053,390003,北川村,キタガワムラ
393410,390003,本山町,モトヤマチョウ
402257,400009,うきは市,ウキハシ
402311,400009,那珂川市,ナカガワシ
406252,400009,みやこ町,ミヤコマチ
402290,400009,みやま市,ミヤマシ
403814,400009,芦屋町,アシヤマチ
404021,400009,鞍手町,クラテマチ
403415,400009,宇美町,ウミマチ
403849,400009,遠賀町,オンガチョウ
403831,400009,岡垣町,オカガキマチ
402273,400009,嘉麻市,カマシ
406210,400009,苅田町,カンダマチ
406422,400009,吉富町,ヨシトミマチ
403482,400009,久山町,ヒサヤママチ
402036,400009,久留米市,ルメシ
402265,400009,宮若市,ミヤワカシ
404217,400009,桂川町,イセンマチ
402231,400009,古賀市,コガシ
405442,400009,広川町,ヒロカワマチ
402133,400009,行橋市,クハシシ
406015,400009,香春町,カワラマチ
403431,400009,志免町,シメマチ
406040,400009,糸田町,イトダマチ
402303,400009,糸島市,イトシマシ
403423,400009,篠栗町,ササグリマチ
402206,400009,宗像市,ムナカタシ
402184,400009,春日市,カスガシ
402168,400009,小郡市,オゴオリシ
404012,400009,小竹町,コタケマチ
406465,400009,上毛町,コウゲマチ
403458,400009,新宮町,シングウマチ
403440,400009,須恵町,スエマチ
403822,400009,水巻町,ミズマキマチ
406091,400009,赤村,アカムラ
406058,400009,川崎町,カワサキマチ
402214,400009,太宰府市,ダザイフシ
402125,400009,大川市,オオカワシ
405035,400009,大刀洗町,タチアライマチ
406082,400009,大任町,オオトウマチ
402028,400009,大牟田市,オオムタシ
405221,400009,大木町,オオキマチ
402192,400009,大野城市,オオノジョウシ
406473,400009,築上町,チクジョウマチ
402117,400009,筑後市,チクゴシ
402176,400009,筑紫野市,チクシノシ
404471,400009,筑前町,チクゼンマチ
402150,400009,中間市,ナカマシ
402281,400009,朝倉市,アサクラシ
402044,400009,直方市,ノオガタシ
406023,400009,添田町,ソエダマチ
402061,400009,田川市,タガワシ
404489,400009,東峰村,トウホウムラ
403491,400009,粕屋町,カスヤマチ
402109,400009,八女市,メシ
402052,400009,飯塚市,イヅカシ
401307,400009,福岡市,フクオカシ
406104,400009,福智町,フクチマチ
402249,400009,福津市,フクツシ
402141,400009,豊前市,ゼンシ
401005,400009,北九州市,キタキュウシュウシ
402079,400009,柳川市,ヤナガワシ
413461,410004,みやき町,ミヤキチョウ
412058,410004,伊万里市,イマリシ
413411,410004,基山町,キヤマチョウ
412091,410004,嬉野市,ウレシノシ
413275,410004,吉野ヶ里町,ヨシノガリチョウ
413879,410004,玄海町,ゲンカイチョウ
414247,410004,江北町,コウホクマチ
412015,410004,佐賀市,サガシ
412074,410004,鹿島市,カシマシ
412082,410004,小城市,オギシ
413453,410004,上峰町,カミミネチョウ
412104,410004,神埼市,カンザキシ
412040,410004,多久市,タクシ
414417,410004,太良町,タラチョウ
414239,410004,大町町,オオマチチョウ
412031,410004,鳥栖市,トスシ
412023,410004,唐津市,カラツシ
414255,410004,白石町,シロイシチョウ
412066,410004,武雄市,タケオシ
414018,410004,有田町,アリタチョウ
422100,420000,壱岐市,イキシ
422134,420000,雲仙市,ウンゼンシ
422118,420000,五島市,ゴトウシ
423912,420000,佐々町,サザチョウ
422029,420000,佐世保市,サセボシ
423084,420000,時津町,トギツチョウ
423831,420000,小値賀町,オヂカチョウ
422088,420000,松浦市,マツウラシ
424111,420000,新上五島町,シンカミゴトウチョウ
422126,420000,西海市,サイカイシ
423220,420000,川棚町,カワタナチョウ
422096,420000,対馬市,ツシマシ
422053,420000,大村市,オオムラシ
422011,420000,長崎市,ナガサキシ
423076,420000,長与町,ナガヨチョウ
422037,420000,島原市,シマバラシ
423211,420000,東彼杵町,ヒガシソノギチョウ
422142,420000,南島原市,ミナミシマバラシ
423238,420000,波佐見町,ハサミチョウ
422070,420000,平戸市,ヒラドシ
422045,420000,諫早市,イサハヤシ
435147,430005,あさぎり町,アサギリチョウ
432148,430005,阿蘇市,アソシ
434825,430005,芦北町,アシキタマチ
432130,430005,宇城市,ウキシ
432113,430005,宇土市,ウトシ
434434,430005,益城町,マシキマチ
434426,430005,嘉島町,カシママチ
432105,430005,菊池市,キクチシ
434043,430005,菊陽町,キクヨウマチ
435139,430005,球磨村,クマムラ
433641,430005,玉東町,ギョクトウマチ
432067,430005,玉名市,タマナシ
435015,430005,錦町,ニシキマチ
431001,430005,熊本市,クマモトシ
435112,430005,五木村,イツキムラ
434418,430005,御船町,ミフネマチ
434442,430005,甲佐町,コウサマチ
432041,430005,荒尾市,アラオシ
434281,430005,高森町,タカモリマチ
432164,430005,合志市,コウシシ
435121,430005,山江村,ヤマエムラ
432083,430005,山鹿市,ヤマガシ
434477,430005,山都町,ヤマトチョウ
434256,430005,産山村,ウブヤマムラ
434248,430005,小国町,オグニマチ
432121,430005,上天草市,カミアマクサシ
432032,430005,人吉市,ヒトヨシシ
435074,430005,水上村,ミズカミムラ
432059,430005,水俣市,ミナマタシ
434329,430005,西原村,ニシハラムラ
435104,430005,相良村,サガラムラ
435058,430005,多良木町,タラギマチ
434035,430005,大津町,オオヅマチ
433683,430005,長洲町,ナガスマチ
434841,430005,津奈木町,ツナギマチ
432156,430005,天草市,アマクサシ
435066,430005,湯前町,ユノマエマチ
434337,430005,南阿蘇村,ミナミアソムラ
433675,430005,南関町,ナンカンマチ
434230,430005,南小国町,ミナミオグニマチ
432024,430005,八代市,ヤツシロシ
433489,430005,美里町,ミサトマチ
434680,430005,氷川町,ヒカワチョウ
435317,430005,苓北町,レイホクマチ
433691,430005,和水町,ナゴミマチ
442119,440001,宇佐市,ウサシ
442062,440001,臼杵市,ウスキシ
442101,440001,杵築市,キツキシ
444618,440001,九重町,ココノエマチ
444626,440001,玖珠町,クスマチ
442143,440001,国東市,クニサキシ
442054,440001,佐伯市,サイキシ
442011,440001,大分市,オオイタシ
442089,440001,竹田市,タケタシ
442038,440001,中津市,ナカツシ
442071,440001,津久見市,ツクミシ
443417,440001,日出町,ヒジマチ
442046,440001,日田市,ヒタシ
443221,440001,姫島村,ヒメシマムラ
442020,440001,別府市,ベップシ
442097,440001,豊後高田市,ブンゴタカダシ
442127,440001,豊後大野市,ブンゴオオノシ
442135,440001,由布市,ユフシ
452092,450006,えびの市,エビノシ
453838,450006,綾町,アヤチョウ
452033,450006,延岡市,ノベオカシ
452017,450006,宮崎市,ミヤザキシ
452076,450006,串間市,クシマシ
454435,450006,五ヶ瀬町,ゴカセチョウ
453617,450006,高原町,タカハルチョウ
454419,450006,高千穂町,タカチホチョウ
454010,450006,高鍋町,タカナベチョウ
453820,450006,国富町,クニトミチョウ
453412,450006,三股町,ミマタチョウ
454290,450006,諸塚村,モロツカソン
452050,450006,小林市,コバヤシシ
454028,450006,新富町,シントミチョウ
452084,450006,西都市,サイトシ
454036,450006,西米良村,ニシメラソン
454052,450006,川南町,カワミナミチョウ
454303,450006,椎葉村,シイバソン
452025,450006,都城市,ミヤコノジョウシ
454061,450006,都農町,ツノチョウ
452068,450006,日向市,ヒュウガシ
452041,450006,日南市,ニチナンシ
454427,450006,日之影町,ヒノカゲチョウ
454311,450006,美郷町,ミサトチョウ
454044,450006,木城町,キジョウチョウ
454214,450006,門川町,カドガワチョウ
462195,460001,いちき串木野市,イチキクシキノシ
463922,460001,さつま町,サツマチョウ
462063,460001,阿久根市,アクネシ
462250,460001,姶良市,アイラシ
462241,460001,伊佐市,イサシ
465321,460001,伊仙町,イセンチョウ
465241,460001,宇検村,ウケンソン
462225,460001,奄美市,アマミシ
465054,460001,屋久島町,ヤクシマチョウ
464929,460001,肝付町,キモツキチョウ
465291,460001,喜界町,キカイチョウ
464902,460001,錦江町,キンコウチョウ
462152,460001,薩摩川内市,サツマセンダイシ
463035,460001,三島村,ミシマムラ
462217,460001,志布志市,シブシシ
462101,460001,指宿市,イブスキシ
462039,460001,鹿屋市,カノヤシ
462012,460001,鹿児島市,カゴシマシ
463043,460001,十島村,トシマムラ
462080,460001,出水市,イズミシ
462144,460001,垂水市,タルミズシ
465259,460001,瀬戸内町,セトウチチョウ
462136,460001,西之表市,ニシノオモテシ
462179,460001,曽於市,ソオシ
464686,460001,大崎町,オオサキチョウ
465232,460001,大和村,ヤマトソン
465348,460001,知名町,チナチョウ
465011,460001,中種子町,ナカタネチョウ
464040,460001,長島町,ナガシマチョウ
465313,460001,天城町,アマギチョウ
464821,460001,東串良町,ヒガシクシラチョウ
465305,460001,徳之島町,トクノシマチョウ
462209,460001,南さつま市,ミナミサツマシ
462233,460001,南九州市,ミナミキュウシュウシ
465020,460001,南種子町,ミナミタネチョウ
464911,460001,南大隅町,ミナミオオスミチョウ
462161,460001,日置市,ヒオキシ
462047,460001,枕崎市,マクラザキシ
462187,460001,霧島市,キリシマシ
464520,460001,湧水町,ユウスイチョウ
465356,460001,与論町,ヨロンチョウ
465275,460001,龍郷町,タツゴウチョウ
465330,460001,和泊町,ワドマリチョウ
472131,470007,うるま市,ウルマシ
473553,470007,粟国村,アグニソン
473154,470007,伊江村,イエソン
473600,470007,伊是名村,イゼナソン
473596,470007,伊平屋村,イヘヤソン
472085,470007,浦添市,ウラソエシ
472115,470007,沖縄市,オキナワシ
473111,470007,恩納村,オンナソン
473251,470007,嘉手納町,カデナチョウ
473138,470007,宜野座村,ギノザソン
472051,470007,宜野湾市,ギノワンシ
473618,470007,久米島町,クメジマチョウ
472140,470007,宮古島市,ミヤコジマシ
473146,470007,金武町,キンチョウ
473014,470007,国頭村,クニガミソン
473065,470007,今帰仁村,ナキジンソン
473545,470007,座間味村,ザマミソン
472107,470007,糸満市,イトマンシ
473294,470007,西原町,ニシハラチョウ
472077,470007,石垣市,イシガキシ
473758,470007,多良間村,タラマソン
473022,470007,大宜味村,オオギミソン
473812,470007,竹富町,タケトミチョウ
473286,470007,中城村,ナカグスクソン
473537,470007,渡嘉敷村,トカシキソン
473561,470007,渡名喜村,トナキソン
473031,470007,東村,ヒガシソン
473243,470007,読谷村,ヨミタンソン
472018,470007,那覇市,ナハシ
472158,470007,南城市,ナンジョウシ
473570,470007,南大東村,ミナミダイトウソン
473502,470007,南風原町,ハエバルチョウ
473626,470007,八重瀬町,ヤエセチョウ
472123,470007,豊見城市,トミグスクシ
473588,470007,北大東村,キタダイトウソン
473260,470007,北谷町,チヤタンチョウ
473278,470007,北中城村,キタナカグスクソン
473081,470007,本部町,モトブチョウ
472093,470007,名護市,ナゴシ
473481,470007,与那原町,ヨナバルチョウ
473821,470007,与那国町,ヨナグニチョウ,